{"gijon": {"True": {"ELVis": {"time": 0.7706601619720459, "emissions": 0.003913878061439696}, "MF_ELVis": {"time": 0.5380795001983643, "emissions": 0.005103071541124442}, "PRESLEY": {"time": 0.3987581729888916, "emissions": 0.001850735304359413}}}, "barcelona": {"True": {"ELVis": {"time": 5.430535078048706, "emissions": 0.025529341355319913}, "MF_ELVis": {"time": 3.083986759185791, "emissions": 0.02865940347747803}, "PRESLEY": {"time": 2.8493754863739014, "emissions": 0.012449279842763587}}}, "madrid": {"True": {"ELVis": {"time": 7.2532806396484375, "emissions": 0.04194299363932609}, "MF_ELVis": {"time": 4.544546842575073, "emissions": 0.0518799184450096}, "PRESLEY": {"time": 3.960073947906494, "emissions": 0.01816473520557315}}}, "newyork": {"True": {"ELVis": {"time": 9.301222562789917, "emissions": 0.05297190125810096}, "MF_ELVis": {"time": 6.255727291107178, "emissions": 0.06778696804465788}, "PRESLEY": {"time": 5.128462791442871, "emissions": 0.023621152543893784}}}, "paris": {"True": {"ELVis": {"time": 8.816884994506836, "emissions": 0.04080400066703406}, "MF_ELVis": {"time": 4.673625946044922, "emissions": 0.038696295262838916}, "PRESLEY": {"time": 4.576164960861206, "emissions": 0.019055893958951926}}}, "london": {"True": {"ELVis": {"time": 16.935635805130005, "emissions": 0.10421205736691423}, "MF_ELVis": {"time": 10.166401863098145, "emissions": 0.10909159766100886}, "PRESLEY": {"time": 9.185868263244629, "emissions": 0.047243476701678715}}}}