{"gijon": {"True": {"ELVis": {"time": 0.9004747867584229, "emissions": 0.006211745281853614}, "MF_ELVis": {"time": 0.3655985355377197, "emissions": 0.00389955143721233}, "PRESLEY_8": {"time": 0.5269898653030396, "emissions": 0.0037104189677841597}, "PRESLEY_64": {"time": 0.5138250589370728, "emissions": 0.0037082064998769635}, "PRESLEY_256": {"time": 0.4513131618499756, "emissions": 0.0033536831156368097}, "PRESLEY_1024": {"time": 0.41443207263946535, "emissions": 0.0040747576274638864}}}, "barcelona": {"True": {"ELVis": {"time": 6.230836701393128, "emissions": 0.04078160740296245}, "MF_ELVis": {"time": 3.2033863067626953, "emissions": 0.02783950774815992}, "PRESLEY_8": {"time": 4.035915946960449, "emissions": 0.024589991019822923}, "PRESLEY_64": {"time": 3.3961126804351807, "emissions": 0.022463555556205772}, "PRESLEY_256": {"time": 3.854897141456604, "emissions": 0.029161856327533438}, "PRESLEY_1024": {"time": 3.247465229034424, "emissions": 0.030779893529914826}}}, "madrid": {"True": {"ELVis": {"time": 8.160034871101379, "emissions": 0.06356076936629332}, "MF_ELVis": {"time": 6.475968194007874, "emissions": 0.07221813224585644}, "PRESLEY_8": {"time": 5.393684768676758, "emissions": 0.03711067498382335}, "PRESLEY_64": {"time": 4.884165859222412, "emissions": 0.03261931773354651}, "PRESLEY_256": {"time": 5.774335169792176, "emissions": 0.04331871010155452}, "PRESLEY_1024": {"time": 5.611436271667481, "emissions": 0.053204268464068706}}}, "newyork": {"True": {"ELVis": {"time": 12.305253648757935, "emissions": 0.0926001451457725}, "MF_ELVis": {"time": 8.075341701507568, "emissions": 0.08490232287485526}, "PRESLEY_8": {"time": 5.663957285881042, "emissions": 0.0278667270198114}, "PRESLEY_64": {"time": 7.018955707550049, "emissions": 0.06169342096029268}, "PRESLEY_256": {"time": 6.480130839347839, "emissions": 0.05622871914519505}, "PRESLEY_1024": {"time": 6.922985768318176, "emissions": 0.07629958303518444}}}, "paris": {"True": {"ELVis": {"time": 10.959221577644348, "emissions": 0.08512312374462257}, "MF_ELVis": {"time": 5.887921404838562, "emissions": 0.05277121417189884}, "PRESLEY_8": {"time": 6.313828253746033, "emissions": 0.04475624159349698}, "PRESLEY_64": {"time": 6.018954086303711, "emissions": 0.03781169220794534}, "PRESLEY_256": {"time": 5.640920686721802, "emissions": 0.03850244364152455}, "PRESLEY_1024": {"time": 5.804993915557861, "emissions": 0.047612110865192}}}, "london": {"True": {"ELVis": {"time": 21.90168583393097, "emissions": 0.1742677904599266}, "MF_ELVis": {"time": 11.989084720611572, "emissions": 0.12749516719754864}, "PRESLEY_8": {"time": 11.896285939216614, "emissions": 0.08150301838667896}, "PRESLEY_64": {"time": 11.616187620162965, "emissions": 0.08931695333858156}, "PRESLEY_256": {"time": 11.452172684669495, "emissions": 0.09545792587937386}, "PRESLEY_1024": {"time": 12.48996376991272, "emissions": 0.1296024184288646}}}}